<?xml version="1.0" encoding="UTF-8"?>
<!-- VisualV 1.0.330 -->
<!-- DO NOT DISTRIBUTE WITHOUT PERMISSION OF THE CREATORS! -->
<rage__ptxgpuDropRenderSettings>
  <textureRowsColsStartEnd x="1.000000" y="2.000000" z="0.000000" w="0.000000" />
  <textureAnimRateScaleOverLifeStart2End2 x="0.000000" y="0.000000" z="0.000000" w="1.000000" />
  <sizeMinMax x="3.000000" y="3.000000" z="3.000000" w="3.000000" />
  <colour x="1.000000" y="1.000000" z="1.000000" w="1.000000" />
  <fadeInOut x="2.500000" y="2.500000" />
  <fadeNearFar x="1.000000" y="40.000000" />
  <fadeGrdOffLoHi x="0.000000" y="-50.000000" z="50.000000" w="100.000000" />
  <rotSpeedMinMax x="-1.200000" y="1.200000" />
  <directionalZOffsetMinMax x="0.000000" y="0.000000" z="0.000000" />
  <dirVelAddCamSpeedMinMaxMult x="0.000000" y="0.000000" z="0.000000" />
  <edgeSoftness value="1.000000" />
  <particleColorPercentage value="1.000000" />
  <backgroundDistortionVisibilityPercentage value="0.000000" />
  <backgroundDistortionAlphaBooster value="1.000000" />
  <backgroundDistortionAmount value="0.600000" />
  <backgroundDistortionBlurLevel value="0" />
  <localLightsMultiplier value="0.800000" />
</rage__ptxgpuDropRenderSettings>