<?xml version="1.0" encoding="UTF-8"?>

<rage__ptxgpuDropRenderSettings>
  <textureRowsColsStartEnd x="1.000000" y="2.000000" z="0.000000" w="1.000000" />
  <textureAnimRateScaleOverLifeStart2End2 x="0.000000" y="0.000000" z="0.000000" w="1.000000" />
  <sizeMinMax x="25.000000" y="15.000000" z="15.000000" w="15.000000" />
  <colour x="0.400000" y="0.400000" z="0.400000" w="0.150000" />
  <fadeInOut x="1.000000" y="10.000000" />
  <fadeNearFar x="1.000000" y="50.000000" />
  <fadeGrdOffLoHi x="1.000000" y="0.000000" z="50.000000" w="100.000000" />
  <rotSpeedMinMax x="-0.600000" y="0.600000" />
  <directionalZOffsetMinMax x="0.000000" y="2.000000" z="2.000000" />
  <dirVelAddCamSpeedMinMaxMult x="0.000000" y="0.000000" z="0.000000" />
  <edgeSoftness value="0.300000" />
  <particleColorPercentage value="1.000000" />
  <backgroundDistortionVisibilityPercentage value="0.000000" />
  <backgroundDistortionAlphaBooster value="1.000000" />
  <backgroundDistortionAmount value="0.000000" />
  <backgroundDistortionBlurLevel value="0" />
  <localLightsMultiplier value="9.100000" />
  <directionalLightShadowAmount value="0.700000" />
</rage__ptxgpuDropRenderSettings>