<?xml version="1.0" encoding="UTF-8"?>
<!-- Modified for NaturalVision Remastered -->
<!-- DO NOT DISTRIBUTE WITHOUT PERMISSION OF THE CREATOR! -->
<rage__ptxgpuDropRenderSettings>
  <textureRowsColsStartEnd x="1.000000" y="2.000000" z="0.000000" w="1.000000" />
  <textureAnimRateScaleOverLifeStart2End2 x="0.000000" y="0.000000" z="0.000000" w="1.000000" />
  <sizeMinMax x="12.000000" y="8.000000" z="10.000000" w="1.500000" />
  <colour x="0.500000" y="0.500000" z="0.500000" w="0.250000" />
  <fadeInOut x="3.000000" y="3.000000" />
  <fadeNearFar x="0.500000" y="100.000000" />
  <fadeGrdOffLoHi x="1.000000" y="-20.000000" z="0.000000" w="35.000000" />
  <rotSpeedMinMax x="0.000000" y="0.000000" />
  <directionalZOffsetMinMax x="0.000000" y="0.000000" z="0.000000" />
  <dirVelAddCamSpeedMinMaxMult x="0.000000" y="0.000000" z="0.000000" />
  <edgeSoftness value="6.050000" />
  <particleColorPercentage value="0.000100" />
  <backgroundDistortionVisibilityPercentage value="0.000000" />
  <backgroundDistortionAlphaBooster value="1.000000" />
  <backgroundDistortionAmount value="1.000000" />
  <backgroundDistortionBlurLevel value="0" />
  <localLightsMultiplier value="0.000000" />
  <directionalLightShadowAmount value="0.000000" />
</rage__ptxgpuDropRenderSettings>