<?xml version="1.0" encoding="UTF-8"?>

<rage__ptxgpuDropRenderSettings>
  <textureRowsColsStartEnd x="5.000000" y="5.000000" z="0.000000" w="7.000000" />
  <textureAnimRateScaleOverLifeStart2End2 x="1.000000" y="1.000000" z="16.000000" w="23.000000" />
  <sizeMinMax x="0.150000" y="0.150000" z="0.170000" w="0.170000" />
  <colour x="0.800000" y="0.800000" z="0.800000" w="0.300000" />
  <fadeInOut x="0.050000" y="0.050000" />
  <fadeNearFar x="1.100000" y="45.000000" />
  <fadeGrdOffLoHi x="0.000000" y="-20.000000" z="0.000000" w="100.000000" />
  <rotSpeedMinMax x="0.000000" y="0.000000" />
  <directionalZOffsetMinMax x="-0.400000" y="1.000000" z="1.000000" />
  <dirVelAddCamSpeedMinMaxMult x="0.000000" y="0.000000" z="0.000000" />
  <edgeSoftness value="50.000000" />
  <particleColorPercentage value="1.000000" />
  <backgroundDistortionVisibilityPercentage value="0.000000" />
  <backgroundDistortionAlphaBooster value="1.500000" />
  <backgroundDistortionAmount value="1.000000" />
  <backgroundDistortionBlurLevel value="0" />
  <localLightsMultiplier value="0.700000" />
  <directionalLightShadowAmount value="0.000000" />
</rage__ptxgpuDropRenderSettings>